{
  "registration": [
    {
      "firstName": "achinb",
      "lastName": "achin",
      "email": "achin@gmail.com",
      "loginId": "achin",
      "password": "0987654",
      "confirmPassword": "0987654",
      "contactNumber": "0987654321",
      "id": "1637603400494"
    },
    {
      "firstName": "achin",
      "lastName": "bhardwaj",
      "email": "achinb@kk.com",
      "loginId": "achinkk",
      "password": "0987654",
      "confirmPassword": "0987654",
      "contactNumber": "0987654321",
      "id": "1637777272443"
    }
  ],
  "Tweets": [
    {
      "user_id": "achin",
      "comments": "hi this is my first tweet. How are guys?.",
      "id": "1637772570578",
      "date": "11/24/2021",
      "time": "22:19"
    }
  ]
}